{"cameraMode":{"drawMode":0,"name":"Shaded","section":"Shading Mode"},"sceneLighting":false,"audioPlay":false,"sceneViewState":{"m_AlwaysRefresh":false,"showFog":true,"showSkybox":false,"showFlares":true,"showImageEffects":true,"showParticleSystems":true,"showVisualEffectGraphs":true,"m_FxEnabled":true},"in2DMode":false,"pivot":{"x":0.20999999344348908,"y":1.938999891281128,"z":0.8998749256134033},"rotation":{"x":0.1282780021429062,"y":0.10293930023908615,"z":-0.01326859649270773,"w":0.9863993525505066},"size":0.3086181581020355,"orthographic":false}