{"cameraMode":{"drawMode":0,"name":"Shaded","section":"Shading Mode"},"sceneLighting":false,"audioPlay":false,"sceneViewState":{"m_AlwaysRefresh":false,"showFog":true,"showSkybox":false,"showFlares":true,"showImageEffects":true,"showParticleSystems":true,"showVisualEffectGraphs":true,"m_FxEnabled":true},"in2DMode":false,"pivot":{"x":-0.4300000071525574,"y":1.9390000104904175,"z":0.8998750448226929},"rotation":{"x":0.1282780021429062,"y":0.10293930023908615,"z":-0.01326859649270773,"w":0.9863993525505066},"size":0.4919748902320862,"orthographic":false}