{"cameraMode":{"drawMode":0,"name":"Shaded","section":"Shading Mode"},"sceneLighting":true,"audioPlay":false,"sceneViewState":{"m_AlwaysRefresh":false,"showFog":true,"showSkybox":true,"showFlares":true,"showImageEffects":true,"showParticleSystems":true,"showVisualEffectGraphs":true,"m_FxEnabled":true},"in2DMode":false,"pivot":{"x":27.977680206298829,"y":1.8032732009887696,"z":-24.642589569091798},"rotation":{"x":0.0031557364854961635,"y":-0.9923273324966431,"z":-0.025907592847943307,"w":-0.12086622416973114},"size":0.8478701114654541,"orthographic":true}