{"cameraMode":{"drawMode":0,"name":"Shaded","section":"Shading Mode"},"sceneLighting":false,"audioPlay":false,"sceneViewState":{"m_AlwaysRefresh":false,"showFog":true,"showSkybox":false,"showFlares":true,"showImageEffects":true,"showParticleSystems":true,"showVisualEffectGraphs":true,"m_FxEnabled":true},"in2DMode":false,"pivot":{"x":0.1257261037826538,"y":0.038718223571777347,"z":0.0020079612731933595},"rotation":{"x":0.20648206770420075,"y":-0.3418203592300415,"z":0.07738126069307327,"w":0.9136455655097961},"size":1.2936863899230958,"orthographic":false}