{"cameraMode":{"drawMode":0,"name":"Shaded","section":"Shading Mode"},"sceneLighting":false,"audioPlay":false,"sceneViewState":{"m_AlwaysRefresh":false,"showFog":true,"showSkybox":false,"showFlares":true,"showImageEffects":true,"showParticleSystems":true,"showVisualEffectGraphs":true,"m_FxEnabled":true},"in2DMode":false,"pivot":{"x":0.10071557760238648,"y":0.1001291275024414,"z":0.002096116542816162},"rotation":{"x":0.13071982562541963,"y":0.7380197048187256,"z":-0.14938482642173768,"w":0.6450868844985962},"size":1.3331400156021119,"orthographic":false}